{"maxlen":300,"throughput":{"x":[0,1,2,3,4,5,6,7,8,9,10,11,12,13,14,15,16,17,18,19,20,21,22,23,24,25,26,27,28,29,30,31,32,33,34,35,36,37,38,39,40,41,42,43,44,45,46,47,48,49,50,51,52,53,54,55,56,57,58,59],"submitted":[0,0,0,2,5,5,5,5,3,0,0,0,0,0,0,0,0,0,9,10,10,10,11],"succeeded":[0,0,0,0,4,6,4,6,5,0,0,0,0,0,0,0,0,0,6,9,9,12,14],"failed":[0,0,0,0,0,0,0,0,0,0,0,0,0,0,0,0,0,0,0,0,0,0,0]},"latency":{"x":[0,1,2,3,4,5,6,7,8,9,10,11,12,13,14,15,16,17,18,19,20,21,22,23,24,25,26,27,28,29,30,31,32,33,34,35,36,37,38,39,40,41,42,43,44,45,46,47,48,49,50,51,52,53,54,55,56,57,58,59],"max":[0,0,0,0,0.435,0.433,0.502,0.51,0.548,0,0,0,0,0,0,0,0,0,0.52,0.507,0.63,0.576,0.798],"min":[0,0,0,0,0.23,0.222,0.241,0.234,0.31,0,0,0,0,0,0,0,0,0,0.25,0.248,0.334,0.258,0.466],"avg":[0,0,0,0,0.33225,0.328,0.3725,0.36250000000000004,0.4272,0,0,0,0,0,0,0,0,0,0.3848333333333333,0.38566666666666666,0.4845555555555555,0.41850000000000004,0.6296428571428571]},"summary":{"txSub":75,"txSucc":75,"txFail":0,"round":2}}